axeltwc,afa8e45c-6d0e-334b-a418-49bd64eca156
bh2910,d7fd5066-1329-3bb9-b937-3507c68e133e
brunogamec,51b2c9eb-ad22-3d85-8f69-cd762b05d2dd
byadventurer,8ca83ee0-8264-3509-93f5-dd6c118f6727
camilo12,df2b663d-f82a-31c6-86db-19ec453dc551
carlzhd7,ba4f3aa7-77f3-3d40-ad2a-13eefcbad71b
cfcdog13,8180ec37-6ba4-32c1-9ef8-7811da36591d
czeck_teh,632e49ec-b988-3b46-9165-8df5b8b3f0b3
deivis,8e4c0d3b-e144-3719-8a66-ce42e8f0ba9b
dezzel_yt,b4208531-47b6-3355-92fc-1b94a76301b9
diegoisaac14,536e7577-a05e-39d3-bbb7-1089b5e75633
dimm123,c85d038c-891d-33cc-9535-2208e6763e17
efrainhd,36da98c9-5f09-3f7c-ad02-38460bbfb80f
grislyy,62fc7902-231b-334a-b3e3-483459104561
hunterhd_,b0081e5e-2f7c-375f-8473-cbb107b89e81
ijeanpi,d10a0065-fa7c-3414-99bb-af9d62b3052b
ileakspvp,f4adec5a-0ba8-3e8b-80ff-6c8ee0fd19f1
imhydro,cdf9e705-9c05-3e7e-87f1-43d54d3def04
iproxig_pvp,f3f9a2cc-0573-315b-995e-4cb05e54f0a8
iproxydev,27fc3b27-a036-3d01-ae73-361e0ce821d1
irvinone,047df5cf-dee0-3864-9ee3-4935b727c51a
itzjonnymc_yt,cff016fe-62b7-351e-86db-a675a6c4101c
itzkendopvp,50bb9936-7bca-34ee-ad3f-21ce12eeef0d
itzpeppopvp,6185c177-d32d-3399-bd03-1cbc86052b21
itzricolino7u7,a42b7540-6ff3-3b3c-80b7-dc0a2359bc31
jakiski,a2a08411-704d-3b3e-95b8-ef247755ba31
jeanpi,b3328a8e-b984-39b3-97f1-0752178b27bb
jeanze17_yt,9015eeb9-00b8-3d36-8031-4cadac15989a
jexus,2a6aa759-b2e2-358d-a98c-ae956ddc2a04
johnpropvp,7ae7516a-6a97-3d34-a05e-82546b1754d8
julon,64e11541-3673-39dd-b711-48299b865ab0
kawaiiboy16,d50d13a5-2c38-3fda-9eb5-b07b6188d64c
kendo,68c13e18-11e7-3c38-9f07-1687159349b8
matador_yt,66c5716d-24db-3ffb-aac4-9095fbab10d3
matadorplugins,68188144-6b55-3b52-958b-d5bc922b8d83
mattewmc,5cfecb83-3a0a-361d-90f9-408d3bf63817
metricdmc,875263d7-4ab7-3287-a652-329a17cce2dd
misoko221,dec2af16-8f96-3b23-a840-79f8e0758672
nachothegamerfp,578b0c63-264e-32a5-b290-3ecce5a167a5
ooskyartzoo,704c4cd4-e990-3fba-a670-205ff765b68d
rangerfenix_yt,7bb9fb75-7b48-3f69-bf19-89d38bed99ae
santosyt,0234cb7b-e220-3332-a2c7-0882c19569f5
sara0001,3879eb6a-c46d-38a8-8002-0c047ab07335
shrektgg,63cb6057-ee33-35e1-b771-2a94bd619f00
thenahuel,31e2f357-13a7-39ed-bd32-f31bb8ed4e5e
theslimejunior,f5d53aaa-92e4-3377-9e22-ce23812c6847
tioneto,39e5e289-9fe2-3dbd-91e4-4ea82a030b27
vishoclient_ez,bc97da33-0c96-3c1f-b591-5334ef9736f7
vrallan,82161b8b-b567-378a-8ce0-3b4598fd97f1
watherdogpvp,6f7d4f1c-d4e7-31d6-8711-200a97652377
yo_el_miichel,363a37c0-709c-349b-a3f9-50030107ce04
